
INSERT INTO `TBrand` (`brandId`, `brandNm`)
VALUES
	(1,'스파오'),
	(2,'몽클레어'),
	(3,'아디다스'),
	(4,'생로랑'),
	(5,'르메르'),
	(6,'폴로 랄프 로렌'),
	(7,'나이키'),
	(8,'구찌'),
	(9,'버버리'),
	(10,'아이보리'),
	(11,'반스'),
	(12,'지오다노'),
	(13,'샤넬'),
	(14,'톰브라운'),
	(15,'프라다'),
	(16,'버커루');

INSERT INTO `TCategory` (`categoryId`, `categoryNm`)
VALUES
	(1,'상의'),
	(2,'스포츠용품'),
	(3,'원피스'),
	(4,'아우터'),
	(5,'속옷'),
	(6,'바지'),
	(7,'반려동물'),
	(8,'스커트'),
	(9,'모자'),
	(10,'가방'),
	(11,'액세서리'),
	(12,'주얼리'),
	(13,'신발'),
	(14,'가방'),
	(15,'시계'),
	(16,'안경'),
	(17,'모자'),
	(18,'벨트'),
	(19,'스카프'),
	(20,'장갑'),
	(21,'양말'),
	(22,'넥타이');

INSERT INTO `TMember` (`memberIdx`, `memberId`, `nickNm`, `userPwd`, `userPoint`, `userRank`, `regDt`)
VALUES
	(1,'admin','admin','admin',9999,999,'2023-03-03 00:00:00'),
	(2,'john123','John','password123',500,1,'2023-01-15 09:30:00'),
	(3,'mary456','Mary','password456',1000,2,'2023-02-20 14:45:00'),
	(4,'alex789','Alex','password789',200,3,'2023-03-10 18:15:00'),
	(5,'emma321','Emma','password321',800,2,'2023-04-05 11:20:00'),
	(6,'david654','David','password654',300,3,'2023-05-01 16:55:00'),
	(7,'sarah987','Sarah','password987',1500,1,'2023-05-10 22:40:00'),
	(8,'michael123','Michael','password123',700,2,'2023-05-18 08:10:00'),
	(9,'lisa456','Lisa','password456',400,3,'2023-05-24 13:25:00'),
	(10,'chris789','Chris','password789',900,1,'2023-05-27 19:50:00'),
	(11,'olivia321','Olivia','password321',600,2,'2023-05-28 10:05:00');

INSERT INTO `TOrder` (`orderId`, `memberId`, `productId`, `qty`, `sizeId`, `orderPrice`, `regDt`, `shippingState`, `shippingInfo`)
VALUES
	(1,1,7,1,1,189000,'2020-09-25 19:42:50',0,NULL),
	(2,1,2,1,1,2850000,'2021-04-11 08:44:52',0,NULL),
	(3,1,3,1,1,139000,'2022-01-30 05:08:17',1,NULL),
	(4,1,4,1,1,109000,'2022-10-14 02:01:27',1,NULL),
	(5,1,5,1,1,2790000,'2020-10-11 02:23:38',2,'123456778899'),
	(6,1,6,1,1,2268000,'2023-05-25 13:13:38',2,'423738494944'),
	(7,1,3242778,1,1,49900,'2020-12-11 20:28:47',3,'549858958374'),
	(8,1,3242778,1,1,49900,'2022-01-08 02:39:52',3,'589484757345'),
	(9,2,7,1,1,189000,'2023-05-28 14:30:00',0,NULL),
	(10,3,4,2,1,218000,'2023-05-28 14:35:00',1,'1234567890'),
	(11,5,2,1,1,2850000,'2023-05-28 14:40:00',2,'9876543210'),
	(12,7,6,1,1,2268000,'2023-05-28 14:45:00',3,'2468135790'),
	(13,9,5,3,1,8370000,'2023-05-28 14:50:00',0,NULL),
	(14,10,1,1,1,65000,'2023-05-28 14:55:00',1,'1357924680');

INSERT INTO `TProduct` (`productId`, `productNm`, `imageUrl`, `brandId`, `originPrice`, `discountedPrice`, `categoryId`, `isSoldOut`, `isLimited`, `material`, `fit`)
VALUES
	(2,'몽클레어(MONCLER) 남성 마야프 숏 다운 재킷 - 블랙 / H20911A002705968E999','//image.msscdn.net/images/goods_img/20230328/3184338/3184338_16825813011127_320.jpg',2,2850000,2322000,4,b'0',b'0','폴리아미드','레귤러'),
	(3,'아디다스(ADIDAS) BB 트랙탑 - 네이비 / IK9149','//image.msscdn.net/images/goods_img/20230425/3260636/3260636_16829853147881_320.jpg',3,139000,NULL,4,b'0',b'0','폴리에스터','레귤러'),
	(4,'아디다스(ADIDAS) BB 트랙 팬츠 - 옐로우 / IK9155','//image.msscdn.net/images/goods_img/20230426/3262226/3262226_16830139024966_320.jpg',3,109000,NULL,6,b'0',b'0','폴리에스터','레귤러'),
	(5,'생로랑(SAINT LAURENT) 여성 선셋 체인 숄더백 - 블랙 / 533026D422W1000','//image.msscdn.net/images/goods_img/20221011/2849898/2849898_1_320.jpg',4,2790000,1791000,10,b'1',b'0','소가죽',NULL),
	(6,'르메르(LEMAIRE) 공용 미디움 크루아상 크로스백 - 다크 초콜릿 / BG0001LL0018BR490','//image.msscdn.net/images/goods_img/20230327/3181583/3181583_16830046892716_320.jpg',5,2268000,1410000,10,b'0',b'0','가죽',NULL),
	(7,'폴로 랄프 로렌(POLO RALPH LAUREN) 숏슬리브 시어서커 셔츠 - 화이트','//image.msscdn.net/images/goods_img/20230502/3271381/3271381_16843658579909_320.jpg',6,189000,NULL,1,b'0',b'0','면','슬림'),
	(8,'나이키(NIKE) 에어맥스 270 리액트 남성화 - 블랙 / AT6174-101','https://sitem.ssgcdn.com/42/99/29/item/1000041299942_i1_1100.jpg',7,179000,NULL,13,b'0',b'0','나일론','레귤러'),
	(9,'구찌(GUCCI) 미니 마틀라세 숄더백 - 베이지 / 550154KC2YG8629','https://image.msscdn.net/images/goods_img/20230330/3194352/3194352_16826403801247_500.jpg',8,2950000,2500000,14,b'0',b'0','소가죽',NULL),
	(10,'버버리(BURBERRY) 터치 시계 - 골드 / BU1870','https://www.kultho.ro/_files/galerie_foto/ceasuri/17/16149/800_ceas_16149.jpg',9,890000,NULL,15,b'0',b'0','스테인레스 스틸','프리 사이즈'),
	(11,'아이보리(IVORY) 프레임 선글라스 - 블랙','https://luxurydz.cafe24.com/web/cafev2img/40001780_z3.jpg',10,120000,90000,16,b'0',b'0','아세테이트',NULL),
	(12,'반스(VANS) 캔버스 트루 화이트 양말 - 3팩','https://sitem.ssgcdn.com/35/25/75/item/1000123752535_i1_1100.jpg',11,35000,NULL,17,b'0',b'0','면','프리 사이즈'),
	(13,'지오다노(GIORDANO) 가죽 벨트 - 브라운 / JGB11874','https://image.msscdn.net/images/goods_img/20201119/1695746/1695746_3_500.jpg',12,45000,NULL,18,b'0',b'0','소가죽','프리 사이즈'),
	(14,'샤넬(CHANEL) 립스틱 - 루즈 알뤼르 / 174','https://image.auction.co.kr/itemimage/18/5c/da/185cda39a6.jpg',13,58000,NULL,19,b'0',b'0','화장품',NULL);

INSERT INTO `TReview` (`reviewId`, `orderId`, `content`, `rate`, `imageUrl`, `regDt`)
VALUES
	(1,1,'이쁘고 편하고 잘 입었습니다.',1,'//image.msscdn.net/images/goods_img/20230502/3271381/3271381_16843658579909_320.jpg','2023-05-25 07:24:00'),
	(2,2,'품질이 좋고 가볍습니다.',2,'//image.msscdn.net/images/goods_img/20230328/3184338/3184338_16825813011127_320.jpg','2023-04-20 07:24:00'),
	(3,3,'가격이 저렴하고 만족합니다.',3,'//image.msscdn.net/images/goods_img/20230425/3260636/3260636_16829853147881_320.jpg','2023-03-20 07:24:00'),
	(4,4,'디자인이 예쁘고 튼튼합니다.',4,'//image.msscdn.net/images/goods_img/20230426/3262226/3262226_16830139024966_320.jpg','2023-03-29 07:24:00'),
	(5,5,'스타일리시하고 고급스럽습니다.',5,'//image.msscdn.net/images/goods_img/20221011/2849898/2849898_1_320.jpg','2023-04-29 07:23:20'),
	(6,6,'실용적이고 편리합니다.',1,'//image.msscdn.net/images/goods_img/20230327/3181583/3181583_16830046892716_320.jpg','2023-05-13 03:05:20'),
	(7,7,'가성비가 좋습니다.',2,'//image.msscdn.net/images/goods_img/20230418/3242778/3242778_16844093776312_320.jpg','2023-04-20 13:40:20'),
	(8,9,'신발이 편안하고 디자인도 멋져요.',4,'//image.msscdn.net/images/goods_img/20230502/3271381/3271381_16843658579909_320.jpg','2023-05-28 15:20:00'),
	(9,10,'가방 크기가 딱 좋아서 매일 사용하고 있어요.',5,'//image.msscdn.net/images/goods_img/20230418/3242778/3242778_16844093776312_320.jpg','2023-05-28 15:25:00'),
	(10,11,'시계가 정말 고급스럽고 세련되어요.',4,'//image.msscdn.net/images/goods_img/20230418/3242778/3242778_16844093776312_320.jpg','2023-05-28 15:30:00'),
	(11,12,'선글라스가 잘 맞고 스타일도 좋아요.',5,'//image.msscdn.net/images/goods_img/20230418/3242778/3242778_16844093776312_320.jpg','2023-05-28 15:35:00'),
	(12,13,'양말이 퀄리티가 좋고 신발에 잘 어울려요.',3,'//image.msscdn.net/images/goods_img/20230418/3242778/3242778_16844093776312_320.jpg','2023-05-28 15:40:00'),
	(13,14,'벨트가 멋지고 가볍게 착용하기 좋아요.',4,'//image.msscdn.net/images/goods_img/20230418/3242778/3242778_16844093776312_320.jpg','2023-05-28 15:45:00'),
	(14,15,'립스틱 색상이 예뻐서 자주 사용하고 있어요.',5,'//image.msscdn.net/images/goods_img/20230418/3242778/3242778_16844093776312_320.jpg','2023-05-28 15:50:00'),
	(15,16,'스카프가 따뜻하고 부드러워서 좋아요.',4,'//image.msscdn.net/images/goods_img/20230418/3242778/3242778_16844093776312_320.jpg','2023-05-28 15:55:00'),
	(16,17,'장갑이 퀄리티가 좋아서 겨울에 자주 사용해요.',5,'//image.msscdn.net/images/goods_img/20230418/3242778/3242778_16844093776312_320.jpg','2023-05-28 16:00:00'),
	(17,18,'넥타이가 심플하면서도 멋스러워서 좋아요.',4,'//image.msscdn.net/images/goods_img/20230418/3242778/3242778_16844093776312_320.jpg','2023-05-28 16:05:00');

INSERT INTO `TSize` (`sizeId`, `step`, `name`, `productId`)
VALUES
	(1,0,'S',1),
	(2,0,'M',8),
	(3,0,'L',9),
	(4,0,'S',10),
	(5,0,'XL',11),
	(6,0,'Free',12),
	(7,0,'Free',13),
	(8,0,'Free',14);
